<?xml version="1.0" encoding="UTF-8"?>
<project-private xmlns="http://www.netbeans.org/ns/project-private/1">
    <editor-bookmarks xmlns="http://www.netbeans.org/ns/editor-bookmarks/2" lastBookmarkId="1">
        <file>
            <url>src/eva2_9_super2/Persona.java</url>
            <bookmark id="1">
                <name/>
                <line>21</line>
                <key/>
            </bookmark>
        </file>
    </editor-bookmarks>
    <open-files xmlns="http://www.netbeans.org/ns/projectui-open-files/2">
        <group>
            <file>file:/E:/NetBeans/POO/EVA_2/EVA2_9_SUPER2/src/eva2_9_super2/Persona.java</file>
            <file>file:/E:/NetBeans/POO/EVA_2/EVA2_9_SUPER2/src/eva2_9_super2/EVA2_9_SUPER2.java</file>
            <file>file:/E:/NetBeans/POO/EVA_2/EVA2_9_SUPER2/src/eva2_9_super2/Docentes.java</file>
            <file>file:/E:/NetBeans/POO/EVA_2/EVA2_9_SUPER2/src/eva2_9_super2/Estudiante.java</file>
        </group>
    </open-files>
</project-private>
